team;season;victories;defeats;overtime_defeats;victory_percentage;scored_goals;received_goals;goal_difference;league
Chicago Blackhawks;1990;49;23;0;0.613;284;211;73;A
St. Louis Blues;1990;47;22;0;0.588;310;250;60;A
Los Angeles Kings;1990;46;24;0;0.575;340;254;86;B
Calgary Flames;1990;46;26;0;0.575;344;263;81;B
Boston Bruins;1990;44;24;0;0.55;299;264;35;B
Montréal Canadiens;1990;39;30;0;0.487;273;249;24;B
Pittsburgh Penguins;1990;41;33;0;0.512;342;305;37;B
New York Rangers;1990;36;31;0;0.45;297;265;32;C
Washington Capitals;1990;37;36;0;0.463;258;258;0;C
Buffalo Sabres;1990;31;30;0;0.388;292;278;14;C
Edmonton Oilers;1990;37;37;0;0.463;272;272;0;C
New Jersey Devils;1990;32;33;0;0.4;272;264;8;C
Detroit Red Wings;1990;34;38;0;0.425;273;298;-25;C
Philadelphia Flyers;1990;33;37;0;0.412;252;267;-15;C
Hartford Whalers;1990;31;38;0;0.388;238;276;-38;C
Minnesota North Stars;1990;27;39;0;0.338;256;266;-10;D
Vancouver Canucks;1990;28;43;0;0.35;243;315;-72;D
Winnipeg Jets (1979);1990;26;43;0;0.325;260;288;-28;D
New York Islanders;1990;25;45;0;0.312;223;290;-67;D
Toronto Maple Leafs;1990;23;46;0;0.287;241;318;-77;D
Quebec Nordiques;1990;16;50;0;0.2;236;354;-118;D
New York Rangers;1991;50;25;0;0.625;321;246;75;A
Washington Capitals;1991;45;27;0;0.562;330;275;55;B
Detroit Red Wings;1991;43;25;0;0.537;320;256;64;B
Vancouver Canucks;1991;42;26;0;0.525;285;250;35;B
Montréal Canadiens;1991;41;28;0;0.512;267;207;60;B
Pittsburgh Penguins;1991;39;32;0;0.487;343;308;35;B
New Jersey Devils;1991;38;31;0;0.475;289;259;30;C
Chicago Blackhawks;1991;36;29;0;0.45;257;236;21;C
Boston Bruins;1991;36;32;0;0.45;270;275;-5;C
Los Angeles Kings;1991;35;31;0;0.438;287;296;-9;C
St. Louis Blues;1991;36;33;0;0.45;279;266;13;C
Edmonton Oilers;1991;36;34;0;0.45;295;297;-2;C
Winnipeg Jets (1979);1991;33;32;0;0.412;251;244;7;C
New York Islanders;1991;34;35;0;0.425;291;299;-8;C
Philadelphia Flyers;1991;32;37;0;0.4;252;273;-21;C
Calgary Flames;1991;31;37;0;0.388;296;305;-9;C
Buffalo Sabres;1991;31;37;0;0.388;289;299;-10;C
Minnesota North Stars;1991;32;42;0;0.4;246;278;-32;C
Toronto Maple Leafs;1991;30;43;0;0.375;234;294;-60;D
Hartford Whalers;1991;26;41;0;0.325;247;283;-36;D
Quebec Nordiques;1991;20;48;0;0.25;255;318;-63;D
San Jose Sharks;1991;17;58;0;0.212;219;359;-140;D
Pittsburgh Penguins;1992;56;21;0;0.667;367;268;99;A
Boston Bruins;1992;51;26;0;0.607;332;268;64;A
Chicago Blackhawks;1992;47;25;0;0.56;279;230;49;B
Quebec Nordiques;1992;47;27;0;0.56;351;300;51;B
Detroit Red Wings;1992;47;28;0;0.56;369;280;89;B
Montréal Canadiens;1992;48;30;0;0.571;326;280;46;B
Vancouver Canucks;1992;46;29;0;0.548;346;278;68;B
Toronto Maple Leafs;1992;44;29;0;0.524;288;241;47;B
Calgary Flames;1992;43;30;0;0.512;322;282;40;B
Washington Capitals;1992;43;34;0;0.512;325;286;39;B
Los Angeles Kings;1992;39;35;0;0.464;338;340;-2;C
Winnipeg Jets (1979);1992;40;37;0;0.476;322;320;2;C
New York Islanders;1992;40;37;0;0.476;335;297;38;C
New Jersey Devils;1992;40;37;0;0.476;308;299;9;C
Buffalo Sabres;1992;38;36;0;0.452;335;297;38;C
St. Louis Blues;1992;37;36;0;0.44;282;278;4;C
Philadelphia Flyers;1992;36;37;0;0.429;319;319;0;C
Minnesota North Stars;1992;36;38;0;0.429;272;293;-21;C
New York Rangers;1992;34;39;0;0.405;304;308;-4;C
Edmonton Oilers;1992;26;50;0;0.31;242;337;-95;D
Hartford Whalers;1992;26;52;0;0.31;284;369;-85;D
Tampa Bay Lightning;1992;23;54;0;0.274;245;332;-87;D
San Jose Sharks;1992;11;71;0;0.131;218;414;-196;D
Ottawa Senators;1992;10;70;0;0.119;202;395;-193;D
New York Rangers;1993;52;24;0;0.619;299;231;68;A
New Jersey Devils;1993;47;25;0;0.56;306;220;86;B
Pittsburgh Penguins;1993;44;27;0;0.524;299;285;14;B
Detroit Red Wings;1993;46;30;0;0.548;356;275;81;B
Toronto Maple Leafs;1993;43;29;0;0.512;280;243;37;B
Boston Bruins;1993;42;29;0;0.5;289;252;37;B
Dallas Stars;1993;42;29;0;0.5;286;265;21;B
Calgary Flames;1993;42;29;0;0.5;302;256;46;B
Montréal Canadiens;1993;41;29;0;0.488;283;248;35;B
Buffalo Sabres;1993;43;32;0;0.512;282;218;64;B
St. Louis Blues;1993;40;33;0;0.476;270;283;-13;C
Washington Capitals;1993;39;35;0;0.464;277;263;14;C
Chicago Blackhawks;1993;39;36;0;0.464;254;240;14;C
Vancouver Canucks;1993;41;40;0;0.488;279;276;3;B
New York Islanders;1993;36;36;0;0.429;282;264;18;C
Florida Panthers;1993;33;34;0;0.393;233;233;0;C
San Jose Sharks;1993;33;35;0;0.393;252;265;-13;C
Philadelphia Flyers;1993;35;39;0;0.417;294;314;-20;C
Quebec Nordiques;1993;34;42;0;0.405;277;292;-15;C
Anaheim Ducks;1993;33;46;0;0.393;229;251;-22;C
Tampa Bay Lightning;1993;30;43;0;0.357;224;251;-27;D
Los Angeles Kings;1993;27;45;0;0.321;294;322;-28;D
Edmonton Oilers;1993;25;45;0;0.298;261;305;-44;D
Hartford Whalers;1993;27;48;0;0.321;227;288;-61;D
Winnipeg Jets (1979);1993;24;51;0;0.286;245;344;-99;D
Ottawa Senators;1993;14;61;0;0.167;201;397;-196;D
Detroit Red Wings;1994;33;11;0;0.688;180;117;63;A
Quebec Nordiques;1994;30;13;0;0.625;185;134;51;A
Pittsburgh Penguins;1994;29;16;0;0.604;181;158;23;A
St. Louis Blues;1994;28;15;0;0.583;178;135;43;A
Philadelphia Flyers;1994;28;16;0;0.583;150;132;18;A
Boston Bruins;1994;27;18;0;0.562;150;127;23;B
Calgary Flames;1994;24;17;0;0.5;163;135;28;B
Chicago Blackhawks;1994;24;19;0;0.5;156;115;41;B
New Jersey Devils;1994;22;18;0;0.458;136;121;15;C
Washington Capitals;1994;22;18;0;0.458;136;120;16;C
Buffalo Sabres;1994;22;19;0;0.458;130;119;11;C
Toronto Maple Leafs;1994;21;19;0;0.438;135;146;-11;C
Vancouver Canucks;1994;18;18;0;0.375;153;148;5;D
New York Rangers;1994;22;23;0;0.458;139;134;5;C
Florida Panthers;1994;20;22;0;0.417;115;127;-12;C
Hartford Whalers;1994;19;24;0;0.396;127;141;-14;C
Montréal Canadiens;1994;18;23;0;0.375;125;148;-23;D
San Jose Sharks;1994;19;25;0;0.396;129;161;-32;C
Dallas Stars;1994;17;23;0;0.354;136;135;1;D
Los Angeles Kings;1994;16;23;0;0.333;142;174;-32;D
Winnipeg Jets (1979);1994;16;25;0;0.333;157;177;-20;D
Edmonton Oilers;1994;17;27;0;0.354;136;183;-47;D
Tampa Bay Lightning;1994;17;28;0;0.354;120;144;-24;D
Anaheim Ducks;1994;16;27;0;0.333;125;164;-39;D
New York Islanders;1994;15;28;0;0.312;126;158;-32;D
Ottawa Senators;1994;9;34;0;0.188;117;174;-57;D
Detroit Red Wings;1995;62;13;0;0.756;325;181;144;A
Colorado Avalanche;1995;47;25;0;0.573;326;240;86;B
Philadelphia Flyers;1995;45;24;0;0.549;282;208;74;B
Pittsburgh Penguins;1995;49;29;0;0.598;362;284;78;A
New York Rangers;1995;41;27;0;0.5;272;237;35;B
Chicago Blackhawks;1995;40;28;0;0.488;273;220;53;B
Florida Panthers;1995;41;31;0;0.5;254;234;20;B
Boston Bruins;1995;40;31;0;0.488;282;269;13;B
Montréal Canadiens;1995;40;32;0;0.488;265;248;17;B
Washington Capitals;1995;39;32;0;0.476;234;204;30;C
Tampa Bay Lightning;1995;38;32;0;0.463;238;248;-10;C
New Jersey Devils;1995;37;33;0;0.451;215;202;13;C
Toronto Maple Leafs;1995;34;36;0;0.415;247;252;-5;C
St. Louis Blues;1995;32;34;0;0.39;219;248;-29;C
Calgary Flames;1995;34;37;0;0.415;241;240;1;C
Vancouver Canucks;1995;32;35;0;0.39;278;278;0;C
Winnipeg Jets (1979);1995;36;40;0;0.439;275;291;-16;C
Anaheim Ducks;1995;35;39;0;0.427;234;247;-13;C
Hartford Whalers;1995;34;39;0;0.415;237;259;-22;C
Buffalo Sabres;1995;33;42;0;0.402;247;262;-15;C
Edmonton Oilers;1995;30;44;0;0.366;240;304;-64;D
Dallas Stars;1995;26;42;0;0.317;227;280;-53;D
Los Angeles Kings;1995;24;40;0;0.293;256;302;-46;D
New York Islanders;1995;22;50;0;0.268;229;315;-86;D
San Jose Sharks;1995;20;55;0;0.244;252;357;-105;D
Ottawa Senators;1995;18;59;0;0.22;191;291;-100;D
Colorado Avalanche;1996;49;24;0;0.598;277;205;72;A
Dallas Stars;1996;48;26;0;0.585;252;198;54;A
New Jersey Devils;1996;45;23;0;0.549;231;182;49;B
Philadelphia Flyers;1996;45;24;0;0.549;274;217;57;B
Detroit Red Wings;1996;38;26;0;0.463;253;197;56;C
Buffalo Sabres;1996;40;30;0;0.488;237;208;29;B
Florida Panthers;1996;35;28;0;0.427;221;201;20;C
New York Rangers;1996;38;34;0;0.463;258;231;27;C
Anaheim Ducks;1996;36;33;0;0.439;245;233;12;C
Pittsburgh Penguins;1996;38;36;0;0.463;285;280;5;C
Phoenix Coyotes;1996;38;37;0;0.463;240;243;-3;C
St. Louis Blues;1996;36;35;0;0.439;236;239;-3;C
Edmonton Oilers;1996;36;37;0;0.439;252;247;5;C
Chicago Blackhawks;1996;34;35;0;0.415;223;210;13;C
Vancouver Canucks;1996;35;40;0;0.427;257;273;-16;C
Ottawa Senators;1996;31;36;0;0.378;226;234;-8;D
Montréal Canadiens;1996;31;36;0;0.378;249;276;-27;D
Washington Capitals;1996;33;40;0;0.402;214;231;-17;C
Hartford Whalers;1996;32;39;0;0.39;226;256;-30;C
Tampa Bay Lightning;1996;32;40;0;0.39;217;247;-30;C
Calgary Flames;1996;32;41;0;0.39;214;239;-25;C
New York Islanders;1996;29;41;0;0.354;240;250;-10;D
Toronto Maple Leafs;1996;30;44;0;0.366;230;273;-43;D
Los Angeles Kings;1996;28;43;0;0.341;214;268;-54;D
San Jose Sharks;1996;27;47;0;0.329;211;278;-67;D
Boston Bruins;1996;26;47;0;0.317;234;300;-66;D
Dallas Stars;1997;49;22;0;0.598;242;167;75;A
New Jersey Devils;1997;48;23;0;0.585;225;166;59;A
Detroit Red Wings;1997;44;23;0;0.537;250;196;54;B
St. Louis Blues;1997;45;29;0;0.549;256;204;52;B
Pittsburgh Penguins;1997;40;24;0;0.488;228;188;40;B
Philadelphia Flyers;1997;42;29;0;0.512;242;193;49;B
Colorado Avalanche;1997;39;26;0;0.476;231;205;26;C
Washington Capitals;1997;40;30;0;0.488;219;202;17;B
Boston Bruins;1997;39;30;0;0.476;221;194;27;C
Buffalo Sabres;1997;36;29;0;0.439;211;187;24;C
Los Angeles Kings;1997;38;33;0;0.463;227;225;2;C
Montréal Canadiens;1997;37;32;0;0.451;235;208;27;C
Ottawa Senators;1997;34;33;0;0.415;193;200;-7;C
Phoenix Coyotes;1997;35;35;0;0.427;224;227;-3;C
Edmonton Oilers;1997;35;37;0;0.427;215;224;-9;C
San Jose Sharks;1997;34;38;0;0.415;210;216;-6;C
Carolina Hurricanes;1997;33;41;0;0.402;200;219;-19;C
Chicago Blackhawks;1997;30;39;0;0.366;192;199;-7;D
New York Islanders;1997;30;41;0;0.366;212;225;-13;D
Toronto Maple Leafs;1997;30;43;0;0.366;194;237;-43;D
New York Rangers;1997;25;39;0;0.305;197;231;-34;D
Calgary Flames;1997;26;41;0;0.317;217;252;-35;D
Anaheim Ducks;1997;26;43;0;0.317;205;261;-56;D
Vancouver Canucks;1997;25;43;0;0.305;224;273;-49;D
Florida Panthers;1997;24;43;0;0.293;203;256;-53;D
Tampa Bay Lightning;1997;17;55;0;0.207;151;269;-118;D
Dallas Stars;1998;51;19;0;0.622;236;168;68;A
New Jersey Devils;1998;47;24;0;0.573;248;196;52;B
Ottawa Senators;1998;44;23;0;0.537;239;179;60;B
Colorado Avalanche;1998;44;28;0;0.537;239;205;34;B
Toronto Maple Leafs;1998;45;30;0;0.549;268;231;37;B
Detroit Red Wings;1998;43;32;0;0.524;245;202;43;B
Philadelphia Flyers;1998;37;26;0;0.451;231;196;35;C
Boston Bruins;1998;39;30;0;0.476;214;181;33;C
Buffalo Sabres;1998;37;28;0;0.451;207;175;32;C
Phoenix Coyotes;1998;39;31;0;0.476;205;197;8;C
Pittsburgh Penguins;1998;38;30;0;0.463;242;225;17;C
St. Louis Blues;1998;37;32;0;0.451;237;209;28;C
Carolina Hurricanes;1998;34;30;0;0.415;210;202;8;C
Anaheim Ducks;1998;35;34;0;0.427;215;206;9;C
San Jose Sharks;1998;31;33;0;0.378;196;191;5;D
Edmonton Oilers;1998;33;37;0;0.402;230;226;4;C
Florida Panthers;1998;30;34;0;0.366;210;228;-18;D
New York Rangers;1998;33;38;0;0.402;217;227;-10;C
Montréal Canadiens;1998;32;39;0;0.39;184;209;-25;C
Calgary Flames;1998;30;40;0;0.366;211;234;-23;D
Chicago Blackhawks;1998;29;41;0;0.354;202;248;-46;D
Los Angeles Kings;1998;32;45;0;0.39;189;222;-33;C
Washington Capitals;1998;31;45;0;0.378;200;218;-18;D
Nashville Predators;1998;28;47;0;0.341;190;261;-71;D
New York Islanders;1998;24;48;0;0.293;194;244;-50;D
Vancouver Canucks;1998;23;47;0;0.28;192;258;-66;D
Tampa Bay Lightning;1998;19;54;0;0.232;179;292;-113;D
St. Louis Blues;1999;51;19;1;0.622;248;165;83;A
Detroit Red Wings;1999;48;22;2;0.585;278;210;68;A
Philadelphia Flyers;1999;45;22;3;0.549;237;179;58;B
New Jersey Devils;1999;45;24;5;0.549;251;203;48;B
Washington Capitals;1999;44;24;2;0.537;227;194;33;B
Dallas Stars;1999;43;23;6;0.524;211;184;27;B
Toronto Maple Leafs;1999;45;27;3;0.549;246;222;24;B
Florida Panthers;1999;43;27;6;0.524;244;209;35;B
Colorado Avalanche;1999;42;28;1;0.512;233;201;32;B
Ottawa Senators;1999;41;28;2;0.5;244;210;34;B
Los Angeles Kings;1999;39;27;4;0.476;245;228;17;C
Phoenix Coyotes;1999;39;31;4;0.476;232;228;4;C
Pittsburgh Penguins;1999;37;31;6;0.451;241;236;5;C
Edmonton Oilers;1999;32;26;8;0.39;226;212;14;C
San Jose Sharks;1999;35;30;7;0.427;225;214;11;C
Buffalo Sabres;1999;35;32;4;0.427;213;204;9;C
Carolina Hurricanes;1999;37;35;0;0.451;217;216;1;C
Montréal Canadiens;1999;35;34;4;0.427;196;194;2;C
Anaheim Ducks;1999;34;33;3;0.415;217;227;-10;C
Vancouver Canucks;1999;30;29;8;0.366;227;237;-10;D
Chicago Blackhawks;1999;33;37;2;0.402;242;245;-3;C
Calgary Flames;1999;31;36;5;0.378;211;256;-45;D
New York Rangers;1999;29;38;3;0.354;218;246;-28;D
Boston Bruins;1999;24;33;6;0.293;210;248;-38;D
Nashville Predators;1999;28;40;7;0.341;199;240;-41;D
New York Islanders;1999;24;48;1;0.293;194;275;-81;D
Tampa Bay Lightning;1999;19;47;7;0.232;204;310;-106;D
Atlanta Thrashers;1999;14;57;4;0.171;170;313;-143;D
Colorado Avalanche;2000;52;16;4;0.634;270;192;78;A
Detroit Red Wings;2000;49;20;4;0.598;253;202;51;A
New Jersey Devils;2000;48;19;3;0.585;295;195;100;A
Ottawa Senators;2000;48;21;4;0.585;274;205;69;A
Dallas Stars;2000;48;24;2;0.585;241;187;54;A
St. Louis Blues;2000;43;22;5;0.524;249;195;54;B
Philadelphia Flyers;2000;43;25;3;0.524;240;207;33;B
Buffalo Sabres;2000;46;30;1;0.561;218;184;34;B
Pittsburgh Penguins;2000;42;28;3;0.512;281;256;25;B
Washington Capitals;2000;41;27;4;0.5;233;211;22;B
San Jose Sharks;2000;40;27;3;0.488;217;192;25;B
Edmonton Oilers;2000;39;28;3;0.476;243;222;21;C
Los Angeles Kings;2000;38;28;3;0.463;252;228;24;C
Toronto Maple Leafs;2000;37;29;5;0.451;232;207;25;C
Vancouver Canucks;2000;36;28;7;0.439;239;238;1;C
Phoenix Coyotes;2000;35;27;3;0.427;214;212;2;C
Carolina Hurricanes;2000;38;32;3;0.463;212;225;-13;C
Boston Bruins;2000;36;30;8;0.439;227;249;-22;C
Nashville Predators;2000;34;36;3;0.415;186;200;-14;C
Calgary Flames;2000;27;36;4;0.329;197;236;-39;D
New York Rangers;2000;33;43;1;0.402;250;290;-40;C
Chicago Blackhawks;2000;29;40;5;0.354;210;246;-36;D
Columbus Blue Jackets;2000;28;39;6;0.341;190;233;-43;D
Montréal Canadiens;2000;28;40;6;0.341;206;232;-26;D
Minnesota Wild;2000;25;39;5;0.305;168;210;-42;D
Anaheim Ducks;2000;25;41;5;0.305;188;245;-57;D
Florida Panthers;2000;22;38;9;0.268;200;246;-46;D
Atlanta Thrashers;2000;23;45;2;0.28;211;289;-78;D
Tampa Bay Lightning;2000;24;47;5;0.293;201;280;-79;D
New York Islanders;2000;21;51;3;0.256;185;268;-83;D
Detroit Red Wings;2001;51;17;4;0.622;251;187;64;A
Boston Bruins;2001;43;24;9;0.524;236;201;35;B
Toronto Maple Leafs;2001;43;25;4;0.524;249;207;42;B
Colorado Avalanche;2001;45;28;1;0.549;212;169;43;B
San Jose Sharks;2001;44;27;3;0.537;248;199;49;B
St. Louis Blues;2001;43;27;4;0.524;227;188;39;B
Philadelphia Flyers;2001;42;27;3;0.512;234;192;42;B
New York Islanders;2001;42;28;4;0.512;239;220;19;B
Chicago Blackhawks;2001;41;27;1;0.5;216;207;9;B
New Jersey Devils;2001;41;28;4;0.5;205;187;18;B
Phoenix Coyotes;2001;40;27;6;0.488;228;210;18;B
Los Angeles Kings;2001;40;27;4;0.488;214;190;24;B
Vancouver Canucks;2001;42;30;3;0.512;254;211;43;B
Ottawa Senators;2001;39;27;7;0.476;243;208;35;C
Edmonton Oilers;2001;38;28;4;0.463;205;182;23;C
Carolina Hurricanes;2001;35;26;5;0.427;217;217;0;C
Dallas Stars;2001;36;28;5;0.439;215;213;2;C
Montréal Canadiens;2001;36;31;3;0.439;207;209;-2;C
Washington Capitals;2001;36;33;2;0.439;228;240;-12;C
Buffalo Sabres;2001;35;35;1;0.427;213;200;13;C
New York Rangers;2001;36;38;4;0.439;227;258;-31;C
Calgary Flames;2001;32;35;3;0.39;201;220;-19;C
Minnesota Wild;2001;26;35;9;0.317;195;238;-43;D
Anaheim Ducks;2001;29;42;3;0.354;175;198;-23;D
Nashville Predators;2001;28;41;0;0.341;196;230;-34;D
Pittsburgh Penguins;2001;28;41;5;0.341;198;249;-51;D
Tampa Bay Lightning;2001;27;40;4;0.329;178;219;-41;D
Florida Panthers;2001;22;44;6;0.268;180;250;-70;D
Columbus Blue Jackets;2001;22;47;5;0.268;164;255;-91;D
Atlanta Thrashers;2001;19;47;5;0.232;187;288;-101;D
Ottawa Senators;2002;52;21;1;0.634;263;182;81;A
Dallas Stars;2002;46;17;4;0.561;245;169;76;B
Detroit Red Wings;2002;48;20;4;0.585;269;203;66;A
New Jersey Devils;2002;46;20;6;0.561;216;166;50;B
Philadelphia Flyers;2002;45;20;4;0.549;211;166;45;B
Colorado Avalanche;2002;42;19;8;0.512;251;194;57;B
Vancouver Canucks;2002;45;23;1;0.549;264;208;56;B
St. Louis Blues;2002;41;24;6;0.5;253;222;31;B
Toronto Maple Leafs;2002;44;28;3;0.537;236;208;28;B
Minnesota Wild;2002;42;29;1;0.512;198;178;20;B
Anaheim Ducks;2002;40;27;6;0.488;203;193;10;B
Tampa Bay Lightning;2002;36;25;5;0.439;219;210;9;C
Washington Capitals;2002;39;29;6;0.476;224;220;4;C
Edmonton Oilers;2002;36;26;9;0.439;231;230;1;C
Boston Bruins;2002;36;31;4;0.439;245;237;8;C
New York Islanders;2002;35;34;2;0.427;224;231;-7;C
Chicago Blackhawks;2002;30;33;6;0.366;207;226;-19;D
Los Angeles Kings;2002;33;37;6;0.402;203;221;-18;C
New York Rangers;2002;32;36;4;0.39;210;231;-21;C
Phoenix Coyotes;2002;31;35;5;0.378;204;230;-26;D
Montréal Canadiens;2002;30;35;9;0.366;206;234;-28;D
Calgary Flames;2002;29;36;4;0.354;186;228;-42;D
Atlanta Thrashers;2002;31;39;5;0.378;226;284;-58;D
Nashville Predators;2002;27;35;7;0.329;183;206;-23;D
San Jose Sharks;2002;28;37;8;0.341;214;239;-25;D
Buffalo Sabres;2002;27;37;8;0.329;190;219;-29;D
Florida Panthers;2002;24;36;9;0.293;176;237;-61;D
Columbus Blue Jackets;2002;29;42;3;0.354;213;263;-50;D
Pittsburgh Penguins;2002;27;44;5;0.329;189;255;-66;D
Carolina Hurricanes;2002;22;43;6;0.268;171;240;-69;D
Detroit Red Wings;2003;48;21;2;0.585;255;189;66;A
Tampa Bay Lightning;2003;46;22;6;0.561;245;192;53;B
San Jose Sharks;2003;43;21;6;0.524;219;183;36;B
Boston Bruins;2003;41;19;7;0.5;209;188;21;B
Toronto Maple Leafs;2003;45;24;3;0.549;242;204;38;B
Ottawa Senators;2003;43;23;6;0.524;262;189;73;B
Vancouver Canucks;2003;43;24;5;0.524;235;194;41;B
Philadelphia Flyers;2003;40;21;6;0.488;229;186;43;B
New Jersey Devils;2003;43;25;2;0.524;213;164;49;B
Colorado Avalanche;2003;40;22;7;0.488;236;198;38;B
Dallas Stars;2003;41;26;2;0.5;194;175;19;B
Calgary Flames;2003;42;30;3;0.512;200;176;24;B
Montréal Canadiens;2003;41;30;4;0.5;208;192;16;B
St. Louis Blues;2003;39;30;2;0.476;191;198;-7;C
New York Islanders;2003;38;29;4;0.463;237;210;27;C
Nashville Predators;2003;38;29;4;0.463;216;217;-1;C
Edmonton Oilers;2003;36;29;5;0.439;221;208;13;C
Buffalo Sabres;2003;37;34;4;0.451;220;221;-1;C
Minnesota Wild;2003;30;29;3;0.366;188;183;5;D
Los Angeles Kings;2003;28;29;9;0.341;205;217;-12;D
Atlanta Thrashers;2003;33;37;4;0.402;214;243;-29;C
Anaheim Ducks;2003;29;35;8;0.354;184;213;-29;D
Carolina Hurricanes;2003;28;34;6;0.341;172;209;-37;D
Florida Panthers;2003;28;35;4;0.341;188;221;-33;D
New York Rangers;2003;27;40;8;0.329;206;250;-44;D
Phoenix Coyotes;2003;22;36;6;0.268;188;245;-57;D
Columbus Blue Jackets;2003;25;45;4;0.305;177;238;-61;D
Washington Capitals;2003;23;46;3;0.28;186;253;-67;D
Chicago Blackhawks;2003;20;43;8;0.244;188;259;-71;D
Pittsburgh Penguins;2003;23;47;4;0.28;190;303;-113;D
Detroit Red Wings;2005;58;16;8;0.707;305;209;96;A
Ottawa Senators;2005;52;21;9;0.634;314;211;103;A
Dallas Stars;2005;53;23;6;0.646;265;218;47;A
Carolina Hurricanes;2005;52;22;8;0.634;294;260;34;A
Buffalo Sabres;2005;52;24;6;0.634;281;239;42;A
Nashville Predators;2005;49;25;8;0.598;259;227;32;A
Calgary Flames;2005;46;25;11;0.561;218;200;18;B
New Jersey Devils;2005;46;27;9;0.561;242;229;13;B
Philadelphia Flyers;2005;45;26;11;0.549;267;259;8;B
New York Rangers;2005;44;26;12;0.537;257;215;42;B
San Jose Sharks;2005;44;27;11;0.537;266;242;24;B
Anaheim Ducks;2005;43;27;12;0.524;254;229;25;B
Colorado Avalanche;2005;43;30;9;0.524;283;257;26;B
Edmonton Oilers;2005;41;28;13;0.5;256;251;5;B
Montréal Canadiens;2005;42;31;9;0.512;243;247;-4;B
Tampa Bay Lightning;2005;43;33;6;0.524;252;260;-8;B
Vancouver Canucks;2005;42;32;8;0.512;256;255;1;B
Toronto Maple Leafs;2005;41;33;8;0.5;257;270;-13;B
Atlanta Thrashers;2005;41;33;8;0.5;281;275;6;B
Los Angeles Kings;2005;42;35;5;0.512;249;270;-21;B
Florida Panthers;2005;37;34;11;0.451;240;257;-17;C
Minnesota Wild;2005;38;36;8;0.463;231;215;16;C
Phoenix Coyotes;2005;38;39;5;0.463;246;271;-25;C
New York Islanders;2005;36;40;6;0.439;230;278;-48;C
Columbus Blue Jackets;2005;35;43;4;0.427;223;279;-56;C
Boston Bruins;2005;29;37;16;0.354;230;266;-36;D
Washington Capitals;2005;29;41;12;0.354;237;306;-69;D
Chicago Blackhawks;2005;26;43;13;0.317;211;285;-74;D
Pittsburgh Penguins;2005;22;46;14;0.268;244;316;-72;D
St. Louis Blues;2005;21;46;15;0.256;197;292;-95;D
Buffalo Sabres;2006;53;22;7;0.646;308;242;66;A
Detroit Red Wings;2006;50;19;13;0.61;254;199;55;A
Nashville Predators;2006;51;23;8;0.622;272;212;60;A
Anaheim Ducks;2006;48;20;14;0.585;258;208;50;A
San Jose Sharks;2006;51;26;5;0.622;258;199;59;A
Dallas Stars;2006;50;25;7;0.61;226;197;29;A
New Jersey Devils;2006;49;24;9;0.598;216;201;15;A
Vancouver Canucks;2006;49;26;7;0.598;222;201;21;A
Ottawa Senators;2006;48;25;9;0.585;288;222;66;A
Pittsburgh Penguins;2006;47;24;11;0.573;277;246;31;B
Minnesota Wild;2006;48;26;8;0.585;235;191;44;A
Atlanta Thrashers;2006;43;28;11;0.524;246;245;1;B
Calgary Flames;2006;43;29;10;0.524;258;226;32;B
Colorado Avalanche;2006;44;31;7;0.537;272;251;21;B
New York Rangers;2006;42;30;10;0.512;242;216;26;B
Tampa Bay Lightning;2006;44;33;5;0.537;253;261;-8;B
New York Islanders;2006;40;30;12;0.488;248;240;8;B
Toronto Maple Leafs;2006;40;31;11;0.488;258;269;-11;B
Montréal Canadiens;2006;42;34;6;0.512;245;256;-11;B
Carolina Hurricanes;2006;40;34;8;0.488;241;253;-12;B
Florida Panthers;2006;35;31;16;0.427;247;257;-10;C
St. Louis Blues;2006;34;35;13;0.415;214;254;-40;C
Boston Bruins;2006;35;41;6;0.427;219;289;-70;C
Columbus Blue Jackets;2006;33;42;7;0.402;201;249;-48;C
Edmonton Oilers;2006;32;43;7;0.39;195;248;-53;C
Chicago Blackhawks;2006;31;42;9;0.378;201;258;-57;D
Washington Capitals;2006;28;40;14;0.341;235;286;-51;D
Los Angeles Kings;2006;27;41;14;0.329;227;283;-56;D
Phoenix Coyotes;2006;31;46;5;0.378;216;284;-68;D
Philadelphia Flyers;2006;22;48;12;0.268;214;303;-89;D
Detroit Red Wings;2007;54;21;7;0.659;257;184;73;A
San Jose Sharks;2007;49;23;10;0.598;222;193;29;A
Montréal Canadiens;2007;47;25;10;0.573;262;222;40;B
Pittsburgh Penguins;2007;47;27;8;0.573;247;216;31;B
Anaheim Ducks;2007;47;27;8;0.573;205;191;14;B
New Jersey Devils;2007;46;29;7;0.561;206;197;9;B
Minnesota Wild;2007;44;28;10;0.537;223;218;5;B
Dallas Stars;2007;45;30;7;0.549;242;207;35;B
New York Rangers;2007;42;27;13;0.512;213;199;14;B
Colorado Avalanche;2007;44;31;7;0.537;231;219;12;B
Philadelphia Flyers;2007;42;29;11;0.512;248;233;15;B
Washington Capitals;2007;43;31;8;0.524;242;231;11;B
Ottawa Senators;2007;43;31;8;0.524;261;247;14;B
Calgary Flames;2007;42;30;10;0.512;229;227;2;B
Boston Bruins;2007;41;29;12;0.5;212;222;-10;B
Carolina Hurricanes;2007;43;33;6;0.524;252;249;3;B
Nashville Predators;2007;41;32;9;0.5;230;229;1;B
Buffalo Sabres;2007;39;31;12;0.476;255;242;13;C
Edmonton Oilers;2007;41;35;6;0.5;235;251;-16;B
Chicago Blackhawks;2007;40;34;8;0.488;239;235;4;B
Vancouver Canucks;2007;39;33;10;0.476;213;215;-2;C
Florida Panthers;2007;38;35;9;0.463;216;226;-10;C
Phoenix Coyotes;2007;38;37;7;0.463;214;231;-17;C
Toronto Maple Leafs;2007;36;35;11;0.439;231;260;-29;C
Columbus Blue Jackets;2007;34;36;12;0.415;193;218;-25;C
New York Islanders;2007;35;38;9;0.427;194;243;-49;C
St. Louis Blues;2007;33;36;13;0.402;205;237;-32;C
Atlanta Thrashers;2007;34;40;8;0.415;216;272;-56;C
Los Angeles Kings;2007;32;43;7;0.39;231;266;-35;C
Tampa Bay Lightning;2007;31;42;9;0.378;223;267;-44;D
San Jose Sharks;2008;53;18;11;0.646;257;204;53;A
Boston Bruins;2008;53;19;10;0.646;274;196;78;A
Detroit Red Wings;2008;51;21;10;0.622;295;244;51;A
Washington Capitals;2008;50;24;8;0.61;272;245;27;A
New Jersey Devils;2008;51;27;4;0.622;244;209;35;A
Chicago Blackhawks;2008;46;24;12;0.561;264;216;48;B
Vancouver Canucks;2008;45;27;10;0.549;246;220;26;B
Pittsburgh Penguins;2008;45;28;9;0.549;264;239;25;B
Philadelphia Flyers;2008;44;27;11;0.537;264;238;26;B
Calgary Flames;2008;46;30;6;0.561;254;248;6;B
Carolina Hurricanes;2008;45;30;7;0.549;239;226;13;B
New York Rangers;2008;43;30;9;0.524;210;218;-8;B
Montréal Canadiens;2008;41;30;11;0.5;249;247;2;B
Florida Panthers;2008;41;30;11;0.5;234;231;3;B
St. Louis Blues;2008;41;31;10;0.5;233;233;0;B
Columbus Blue Jackets;2008;41;31;10;0.5;226;230;-4;B
Anaheim Ducks;2008;42;33;7;0.512;245;238;7;B
Buffalo Sabres;2008;41;32;9;0.5;250;234;16;B
Minnesota Wild;2008;40;33;9;0.488;219;200;19;B
Nashville Predators;2008;40;34;8;0.488;213;233;-20;B
Edmonton Oilers;2008;38;35;9;0.463;234;248;-14;C
Ottawa Senators;2008;36;35;11;0.439;217;237;-20;C
Dallas Stars;2008;36;35;11;0.439;230;257;-27;C
Toronto Maple Leafs;2008;34;35;13;0.415;250;293;-43;C
Phoenix Coyotes;2008;36;39;7;0.439;208;252;-44;C
Los Angeles Kings;2008;34;37;11;0.415;207;234;-27;C
Atlanta Thrashers;2008;35;41;6;0.427;257;280;-23;C
Colorado Avalanche;2008;32;45;5;0.39;199;257;-58;C
Tampa Bay Lightning;2008;24;40;18;0.293;210;279;-69;D
New York Islanders;2008;26;47;9;0.317;201;279;-78;D
Washington Capitals;2009;54;15;13;0.659;318;233;85;A
San Jose Sharks;2009;51;20;11;0.622;264;215;49;A
Chicago Blackhawks;2009;52;22;8;0.634;271;209;62;A
Phoenix Coyotes;2009;50;25;7;0.61;225;202;23;A
Vancouver Canucks;2009;49;28;5;0.598;272;222;50;A
New Jersey Devils;2009;48;27;7;0.585;222;191;31;A
Detroit Red Wings;2009;44;24;14;0.537;229;216;13;B
Pittsburgh Penguins;2009;47;28;7;0.573;257;237;20;B
Los Angeles Kings;2009;46;27;9;0.561;241;219;22;B
Nashville Predators;2009;47;29;6;0.573;225;225;0;B
Buffalo Sabres;2009;45;27;10;0.549;235;207;28;B
Colorado Avalanche;2009;43;30;9;0.524;244;233;11;B
Ottawa Senators;2009;44;32;6;0.537;225;238;-13;B
Boston Bruins;2009;39;30;13;0.476;206;200;6;C
St. Louis Blues;2009;40;32;10;0.488;225;223;2;B
Calgary Flames;2009;40;32;10;0.488;204;210;-6;B
Anaheim Ducks;2009;39;32;11;0.476;238;251;-13;C
Philadelphia Flyers;2009;41;35;6;0.5;236;225;11;B
Montréal Canadiens;2009;39;33;10;0.476;217;223;-6;C
Dallas Stars;2009;37;31;14;0.451;237;254;-17;C
New York Rangers;2009;38;33;11;0.463;222;218;4;C
Minnesota Wild;2009;38;36;8;0.463;219;246;-27;C
Atlanta Thrashers;2009;35;34;13;0.427;234;256;-22;C
Carolina Hurricanes;2009;35;37;10;0.427;230;256;-26;C
Tampa Bay Lightning;2009;34;36;12;0.415;217;260;-43;C
New York Islanders;2009;34;37;11;0.415;222;264;-42;C
Columbus Blue Jackets;2009;32;35;15;0.39;216;259;-43;C
Florida Panthers;2009;32;37;13;0.39;208;244;-36;C
Toronto Maple Leafs;2009;30;38;14;0.366;214;267;-53;D
Edmonton Oilers;2009;27;47;8;0.329;214;284;-70;D
Vancouver Canucks;2010;54;19;9;0.659;262;185;77;A
Washington Capitals;2010;48;23;11;0.585;224;197;27;A
Philadelphia Flyers;2010;47;23;12;0.573;259;223;36;B
Pittsburgh Penguins;2010;49;25;8;0.598;238;199;39;A
San Jose Sharks;2010;48;25;9;0.585;248;213;35;A
Detroit Red Wings;2010;47;25;10;0.573;261;241;20;B
Boston Bruins;2010;46;25;11;0.561;246;195;51;B
Tampa Bay Lightning;2010;46;25;11;0.561;247;240;7;B
Anaheim Ducks;2010;47;30;5;0.573;239;235;4;B
Nashville Predators;2010;44;27;11;0.537;219;194;25;B
Phoenix Coyotes;2010;43;26;13;0.524;231;226;5;B
Los Angeles Kings;2010;46;30;6;0.561;219;198;21;B
Chicago Blackhawks;2010;44;29;9;0.537;258;225;33;B
Montréal Canadiens;2010;44;30;8;0.537;216;209;7;B
Buffalo Sabres;2010;43;29;10;0.524;245;229;16;B
Dallas Stars;2010;42;29;11;0.512;227;233;-6;B
Calgary Flames;2010;41;29;12;0.5;250;237;13;B
New York Rangers;2010;44;33;5;0.537;233;198;35;B
Carolina Hurricanes;2010;40;31;11;0.488;236;239;-3;B
St. Louis Blues;2010;38;33;11;0.463;240;234;6;C
Minnesota Wild;2010;39;35;8;0.476;206;233;-27;C
Toronto Maple Leafs;2010;37;34;11;0.451;218;251;-33;C
New Jersey Devils;2010;38;39;5;0.463;174;209;-35;C
Columbus Blue Jackets;2010;34;35;13;0.415;215;258;-43;C
Atlanta Thrashers;2010;34;36;12;0.415;223;269;-46;C
Ottawa Senators;2010;32;40;10;0.39;192;250;-58;C
New York Islanders;2010;30;39;13;0.366;229;264;-35;D
Florida Panthers;2010;30;40;12;0.366;195;229;-34;D
Colorado Avalanche;2010;30;44;8;0.366;227;288;-61;D
Edmonton Oilers;2010;25;45;12;0.305;193;269;-76;D
Vancouver Canucks;2011;51;22;9;0.622;249;198;51;A
New York Rangers;2011;51;24;7;0.622;226;187;39;A
St. Louis Blues;2011;49;22;11;0.598;210;165;45;A
Pittsburgh Penguins;2011;51;25;6;0.622;282;221;61;A
Nashville Predators;2011;48;26;8;0.585;237;210;27;A
Philadelphia Flyers;2011;47;26;9;0.573;264;232;32;B
Boston Bruins;2011;49;29;4;0.598;269;202;67;A
Detroit Red Wings;2011;48;28;6;0.585;248;203;45;A
New Jersey Devils;2011;48;28;6;0.585;228;209;19;A
Chicago Blackhawks;2011;45;26;11;0.549;248;238;10;B
Phoenix Coyotes;2011;42;27;13;0.512;216;204;12;B
San Jose Sharks;2011;43;29;10;0.524;228;210;18;B
Los Angeles Kings;2011;40;27;15;0.488;194;179;15;B
Florida Panthers;2011;38;26;18;0.463;203;227;-24;C
Washington Capitals;2011;42;32;8;0.512;222;230;-8;B
Ottawa Senators;2011;41;31;10;0.5;249;240;9;B
Calgary Flames;2011;37;29;16;0.451;202;226;-24;C
Dallas Stars;2011;42;35;5;0.512;211;222;-11;B
Buffalo Sabres;2011;39;32;11;0.476;218;230;-12;C
Colorado Avalanche;2011;41;35;6;0.5;208;220;-12;B
Tampa Bay Lightning;2011;38;36;8;0.463;235;281;-46;C
Winnipeg Jets;2011;37;35;10;0.451;225;246;-21;C
Carolina Hurricanes;2011;33;33;16;0.402;213;243;-30;C
Minnesota Wild;2011;35;36;11;0.427;177;226;-49;C
Anaheim Ducks;2011;34;36;12;0.415;204;231;-27;C
Toronto Maple Leafs;2011;35;37;10;0.427;231;264;-33;C
New York Islanders;2011;34;37;11;0.415;203;255;-52;C
Montréal Canadiens;2011;31;35;16;0.378;212;226;-14;D
Edmonton Oilers;2011;32;40;10;0.39;212;239;-27;C
Columbus Blue Jackets;2011;29;46;7;0.354;202;262;-60;D
Chicago Blackhawks;2012;36;7;5;0.75;155;102;53;A
Pittsburgh Penguins;2012;36;12;0;0.75;165;119;46;A
Anaheim Ducks;2012;30;12;6;0.625;140;118;22;A
Montréal Canadiens;2012;29;14;5;0.604;149;126;23;A
Boston Bruins;2012;28;14;6;0.583;131;109;22;A
St. Louis Blues;2012;29;17;2;0.604;129;115;14;A
Los Angeles Kings;2012;27;16;5;0.562;133;118;15;B
Vancouver Canucks;2012;26;15;7;0.542;127;121;6;B
Toronto Maple Leafs;2012;26;17;5;0.542;145;133;12;B
Washington Capitals;2012;27;18;3;0.562;149;130;19;B
San Jose Sharks;2012;25;16;7;0.521;124;116;8;B
New York Rangers;2012;26;18;4;0.542;130;112;18;B
Detroit Red Wings;2012;24;16;8;0.5;124;115;9;B
Ottawa Senators;2012;25;17;6;0.521;116;104;12;B
Minnesota Wild;2012;26;19;3;0.542;122;127;-5;B
New York Islanders;2012;24;17;7;0.5;139;139;0;B
Columbus Blue Jackets;2012;24;17;7;0.5;120;119;1;B
Winnipeg Jets;2012;24;21;3;0.5;128;144;-16;B
Phoenix Coyotes;2012;21;18;9;0.438;125;131;-6;C
Philadelphia Flyers;2012;23;22;3;0.479;133;141;-8;C
Dallas Stars;2012;22;22;4;0.458;130;142;-12;C
New Jersey Devils;2012;19;19;10;0.396;112;129;-17;C
Buffalo Sabres;2012;21;21;6;0.438;125;143;-18;C
Edmonton Oilers;2012;19;22;7;0.396;125;134;-9;C
Calgary Flames;2012;19;25;4;0.396;128;160;-32;C
Carolina Hurricanes;2012;19;25;4;0.396;128;160;-32;C
Nashville Predators;2012;16;23;9;0.333;111;139;-28;D
Tampa Bay Lightning;2012;18;26;4;0.375;148;150;-2;D
Colorado Avalanche;2012;16;25;7;0.333;116;152;-36;D
Florida Panthers;2012;15;27;6;0.312;112;171;-59;D
Boston Bruins;2013;54;19;9;0.659;261;177;84;A
Anaheim Ducks;2013;54;20;8;0.659;266;209;57;A
Colorado Avalanche;2013;52;22;8;0.634;250;220;30;A
St. Louis Blues;2013;52;23;7;0.634;248;191;57;A
San Jose Sharks;2013;51;22;9;0.622;249;200;49;A
Pittsburgh Penguins;2013;51;24;7;0.622;249;207;42;A
Chicago Blackhawks;2013;46;21;15;0.561;267;220;47;B
Tampa Bay Lightning;2013;46;27;9;0.561;240;215;25;B
Montréal Canadiens;2013;46;28;8;0.561;215;204;11;B
Los Angeles Kings;2013;46;28;8;0.561;206;174;32;B
Minnesota Wild;2013;43;27;12;0.524;207;206;1;B
New York Rangers;2013;45;31;6;0.549;218;193;25;B
Philadelphia Flyers;2013;42;30;10;0.512;236;235;1;B
Columbus Blue Jackets;2013;43;32;7;0.524;231;216;15;B
Detroit Red Wings;2013;39;28;15;0.476;222;230;-8;C
Dallas Stars;2013;40;31;11;0.488;235;228;7;B
Washington Capitals;2013;38;30;14;0.463;235;240;-5;C
Phoenix Coyotes;2013;37;30;15;0.451;216;231;-15;C
Nashville Predators;2013;38;32;12;0.463;216;242;-26;C
New Jersey Devils;2013;35;29;18;0.427;197;208;-11;C
Ottawa Senators;2013;37;31;14;0.451;236;265;-29;C
Winnipeg Jets;2013;37;35;10;0.451;227;237;-10;C
Toronto Maple Leafs;2013;38;36;8;0.463;231;256;-25;C
Carolina Hurricanes;2013;36;35;11;0.439;207;230;-23;C
Vancouver Canucks;2013;36;35;11;0.439;196;223;-27;C
New York Islanders;2013;34;37;11;0.415;225;267;-42;C
Calgary Flames;2013;35;40;7;0.427;209;241;-32;C
Edmonton Oilers;2013;29;44;9;0.354;203;270;-67;D
Florida Panthers;2013;29;45;8;0.354;196;268;-72;D
Buffalo Sabres;2013;21;51;10;0.256;157;248;-91;D
New York Rangers;2014;53;22;7;0.646;252;192;60;A
Montréal Canadiens;2014;50;22;10;0.61;221;189;32;A
Anaheim Ducks;2014;51;24;7;0.622;236;226;10;A
St. Louis Blues;2014;51;24;7;0.622;248;201;47;A
Tampa Bay Lightning;2014;50;24;8;0.61;262;211;51;A
Nashville Predators;2014;47;25;10;0.573;232;208;24;B
Chicago Blackhawks;2014;48;28;6;0.585;229;189;40;A
Vancouver Canucks;2014;48;29;5;0.585;242;222;20;A
Washington Capitals;2014;45;26;11;0.549;242;203;39;B
New York Islanders;2014;47;28;7;0.573;252;230;22;B
Minnesota Wild;2014;46;28;8;0.561;231;201;30;B
Detroit Red Wings;2014;43;25;14;0.524;235;221;14;B
Ottawa Senators;2014;43;26;13;0.524;238;215;23;B
Winnipeg Jets;2014;43;26;13;0.524;230;210;20;B
Pittsburgh Penguins;2014;43;27;12;0.524;221;210;11;B
Calgary Flames;2014;45;30;7;0.549;241;216;25;B
Boston Bruins;2014;41;27;14;0.5;213;211;2;B
Los Angeles Kings;2014;40;27;15;0.488;220;205;15;B
Dallas Stars;2014;41;31;10;0.5;261;260;1;B
Florida Panthers;2014;38;29;15;0.463;206;223;-17;C
Colorado Avalanche;2014;39;31;12;0.476;219;227;-8;C
San Jose Sharks;2014;40;33;9;0.488;228;232;-4;B
Columbus Blue Jackets;2014;42;35;5;0.512;236;250;-14;B
Philadelphia Flyers;2014;33;31;18;0.402;215;234;-19;C
New Jersey Devils;2014;32;36;14;0.39;181;216;-35;C
Carolina Hurricanes;2014;30;41;11;0.366;188;226;-38;D
Toronto Maple Leafs;2014;30;44;8;0.366;211;262;-51;D
Edmonton Oilers;2014;24;44;14;0.293;198;283;-85;D
Arizona Coyotes;2014;24;50;8;0.293;170;272;-102;D
Buffalo Sabres;2014;23;51;8;0.28;161;274;-113;D
Washington Capitals;2015;56;18;8;0.683;252;193;59;A
Dallas Stars;2015;50;23;9;0.61;267;230;37;A
St. Louis Blues;2015;49;24;9;0.598;224;201;23;A
Pittsburgh Penguins;2015;48;26;8;0.585;245;203;42;A
Chicago Blackhawks;2015;47;26;9;0.573;235;209;26;B
Anaheim Ducks;2015;46;25;11;0.561;218;192;26;B
Florida Panthers;2015;47;26;9;0.573;239;203;36;B
Los Angeles Kings;2015;48;28;6;0.585;225;195;30;A
New York Rangers;2015;46;27;9;0.561;236;217;19;B
New York Islanders;2015;45;27;10;0.549;232;216;16;B
San Jose Sharks;2015;46;30;6;0.561;241;210;31;B
Tampa Bay Lightning;2015;46;31;5;0.561;227;201;26;B
Philadelphia Flyers;2015;41;27;14;0.5;214;218;-4;B
Nashville Predators;2015;41;27;14;0.5;228;215;13;B
Detroit Red Wings;2015;41;30;11;0.5;211;224;-13;B
Boston Bruins;2015;42;31;9;0.512;240;230;10;B
Minnesota Wild;2015;38;33;11;0.463;216;206;10;C
Carolina Hurricanes;2015;35;31;16;0.427;198;226;-28;C
Ottawa Senators;2015;38;35;9;0.463;236;247;-11;C
New Jersey Devils;2015;38;36;8;0.463;184;208;-24;C
Colorado Avalanche;2015;39;39;4;0.476;216;240;-24;C
Montréal Canadiens;2015;38;38;6;0.463;221;236;-15;C
Buffalo Sabres;2015;35;36;11;0.427;201;222;-21;C
Arizona Coyotes;2015;35;39;8;0.427;209;245;-36;C
Winnipeg Jets;2015;35;39;8;0.427;215;239;-24;C
Calgary Flames;2015;35;40;7;0.427;231;260;-29;C
Columbus Blue Jackets;2015;34;40;8;0.415;219;252;-33;C
Vancouver Canucks;2015;31;38;13;0.378;191;243;-52;D
Edmonton Oilers;2015;31;43;8;0.378;203;245;-42;D
Toronto Maple Leafs;2015;29;42;11;0.354;198;246;-48;D
Washington Capitals;2016;55;19;8;0.671;263;182;81;A
Pittsburgh Penguins;2016;50;21;11;0.61;282;234;48;A
Chicago Blackhawks;2016;50;23;9;0.61;244;213;31;A
Columbus Blue Jackets;2016;50;24;8;0.61;249;195;54;A
Minnesota Wild;2016;49;25;8;0.598;266;208;58;A
Anaheim Ducks;2016;46;23;13;0.561;223;200;23;B
Montréal Canadiens;2016;47;26;9;0.573;226;200;26;B
Edmonton Oilers;2016;47;26;9;0.573;247;212;35;B
New York Rangers;2016;48;28;6;0.585;256;220;36;A
St. Louis Blues;2016;46;29;7;0.561;235;218;17;B
San Jose Sharks;2016;46;29;7;0.561;221;201;20;B
Ottawa Senators;2016;44;28;10;0.537;212;214;-2;B
Boston Bruins;2016;44;31;7;0.537;234;212;22;B
Toronto Maple Leafs;2016;40;27;15;0.488;251;242;9;B
Calgary Flames;2016;45;33;4;0.549;226;221;5;B
Nashville Predators;2016;41;29;12;0.5;240;224;16;B
New York Islanders;2016;41;29;12;0.5;241;242;-1;B
Tampa Bay Lightning;2016;42;30;10;0.512;234;227;7;B
Philadelphia Flyers;2016;39;33;10;0.476;219;236;-17;C
Winnipeg Jets;2016;40;35;7;0.488;249;256;-7;B
Carolina Hurricanes;2016;36;31;15;0.439;215;236;-21;C
Los Angeles Kings;2016;39;35;8;0.476;201;205;-4;C
Florida Panthers;2016;35;36;11;0.427;210;237;-27;C
Dallas Stars;2016;34;37;11;0.415;223;262;-39;C
Detroit Red Wings;2016;33;36;13;0.402;207;244;-37;C
Buffalo Sabres;2016;33;37;12;0.402;201;237;-36;C
New Jersey Devils;2016;28;40;14;0.341;183;244;-61;D
Arizona Coyotes;2016;30;42;10;0.366;197;260;-63;D
Vancouver Canucks;2016;30;43;9;0.366;182;243;-61;D
Colorado Avalanche;2016;22;56;4;0.268;166;278;-112;D
Nashville Predators;2017;53;18;11;0.646;267;211;56;A
Winnipeg Jets;2017;52;20;10;0.634;277;218;59;A
Tampa Bay Lightning;2017;54;23;5;0.659;296;236;60;A
Boston Bruins;2017;50;20;12;0.61;270;214;56;A
Vegas Golden Knights;2017;51;24;7;0.622;272;228;44;A
Washington Capitals;2017;49;26;7;0.598;259;239;20;A
Toronto Maple Leafs;2017;49;26;7;0.598;277;232;45;A
Minnesota Wild;2017;45;26;11;0.549;253;232;21;B
Anaheim Ducks;2017;44;25;13;0.537;235;216;19;B
Pittsburgh Penguins;2017;47;29;6;0.573;272;250;22;B
San Jose Sharks;2017;45;27;10;0.549;252;229;23;B
Los Angeles Kings;2017;45;29;8;0.549;239;203;36;B
Philadelphia Flyers;2017;42;26;14;0.512;251;243;8;B
Columbus Blue Jackets;2017;45;30;7;0.549;242;230;12;B
New Jersey Devils;2017;44;29;9;0.537;248;244;4;B
Florida Panthers;2017;44;30;8;0.537;248;246;2;B
Colorado Avalanche;2017;43;30;9;0.524;257;237;20;B
St. Louis Blues;2017;44;32;6;0.537;226;222;4;B
Dallas Stars;2017;42;32;8;0.512;235;225;10;B
Calgary Flames;2017;37;35;10;0.451;218;248;-30;C
Carolina Hurricanes;2017;36;35;11;0.439;228;256;-28;C
New York Islanders;2017;35;37;10;0.427;264;296;-32;C
Edmonton Oilers;2017;36;40;6;0.439;234;263;-29;C
New York Rangers;2017;34;39;9;0.415;231;268;-37;C
Chicago Blackhawks;2017;33;39;10;0.402;229;256;-27;C
Vancouver Canucks;2017;31;40;11;0.378;218;264;-46;D
Detroit Red Wings;2017;30;39;13;0.366;217;255;-38;D
Montréal Canadiens;2017;29;40;13;0.354;209;264;-55;D
Arizona Coyotes;2017;29;41;12;0.354;208;256;-48;D
Ottawa Senators;2017;28;43;11;0.341;221;291;-70;D
Buffalo Sabres;2017;25;45;12;0.305;199;280;-81;D
Tampa Bay Lightning;2018;62;16;4;0.756;325;222;103;A
Calgary Flames;2018;50;25;7;0.61;289;227;62;A
Boston Bruins;2018;49;24;9;0.598;259;215;44;A
Washington Capitals;2018;48;26;8;0.585;278;249;29;A
New York Islanders;2018;48;27;7;0.585;228;196;32;A
San Jose Sharks;2018;46;27;9;0.561;289;261;28;B
Toronto Maple Leafs;2018;46;28;8;0.561;286;251;35;B
Nashville Predators;2018;47;29;6;0.573;240;214;26;B
Pittsburgh Penguins;2018;44;26;12;0.537;273;241;32;B
Winnipeg Jets;2018;47;30;5;0.573;272;244;28;B
Carolina Hurricanes;2018;46;29;7;0.561;245;223;22;B
St. Louis Blues;2018;45;28;9;0.549;247;223;24;B
Columbus Blue Jackets;2018;47;31;4;0.573;258;232;26;B
Montréal Canadiens;2018;44;30;8;0.537;249;236;13;B
Dallas Stars;2018;43;32;7;0.524;210;202;8;B
Vegas Golden Knights;2018;43;32;7;0.524;249;230;19;B
Colorado Avalanche;2018;38;30;14;0.463;260;246;14;C
Arizona Coyotes;2018;39;35;8;0.476;213;223;-10;C
Florida Panthers;2018;36;32;14;0.439;267;280;-13;C
Chicago Blackhawks;2018;36;34;12;0.439;270;292;-22;C
Minnesota Wild;2018;37;36;9;0.451;211;237;-26;C
Philadelphia Flyers;2018;37;37;8;0.451;244;281;-37;C
Vancouver Canucks;2018;35;36;11;0.427;225;254;-29;C
Anaheim Ducks;2018;35;37;10;0.427;199;251;-52;C
Edmonton Oilers;2018;35;38;9;0.427;232;274;-42;C
New York Rangers;2018;32;36;14;0.39;227;272;-45;C
Buffalo Sabres;2018;33;39;10;0.402;226;271;-45;C
Detroit Red Wings;2018;32;40;10;0.39;227;277;-50;C
New Jersey Devils;2018;31;41;10;0.378;222;275;-53;D
Los Angeles Kings;2018;31;42;9;0.378;202;263;-61;D
Ottawa Senators;2018;29;47;6;0.354;242;302;-60;D
Boston Bruins;2019;44;14;12;0.629;227;174;53;A
St. Louis Blues;2019;42;19;10;0.592;225;193;32;A
Colorado Avalanche;2019;42;20;8;0.6;237;191;46;A
Tampa Bay Lightning;2019;43;21;6;0.614;245;195;50;A
Washington Capitals;2019;41;20;8;0.594;240;215;25;A
Philadelphia Flyers;2019;41;21;7;0.594;232;196;36;A
Pittsburgh Penguins;2019;40;23;6;0.58;224;196;28;A
Vegas Golden Knights;2019;39;24;8;0.549;227;211;16;B
Carolina Hurricanes;2019;38;25;5;0.559;222;193;29;B
Dallas Stars;2019;37;24;8;0.536;180;177;3;B
New York Islanders;2019;35;23;10;0.515;192;193;-1;B
Edmonton Oilers;2019;37;25;9;0.521;225;217;8;B
Toronto Maple Leafs;2019;36;25;9;0.514;238;227;11;B
Columbus Blue Jackets;2019;33;22;15;0.471;180;187;-7;C
Florida Panthers;2019;35;26;8;0.507;231;228;3;B
Nashville Predators;2019;35;26;8;0.507;215;217;-2;B
Vancouver Canucks;2019;36;27;6;0.522;228;217;11;B
New York Rangers;2019;37;28;5;0.529;234;222;12;B
Calgary Flames;2019;36;27;7;0.514;210;215;-5;B
Winnipeg Jets;2019;37;28;6;0.521;216;203;13;B
Minnesota Wild;2019;35;27;7;0.507;220;220;0;B
Arizona Coyotes;2019;33;29;8;0.471;195;187;8;C
Chicago Blackhawks;2019;32;30;8;0.457;212;218;-6;C
Montréal Canadiens;2019;31;31;9;0.437;212;221;-9;C
Buffalo Sabres;2019;30;31;8;0.435;195;217;-22;C
New Jersey Devils;2019;28;29;12;0.406;189;230;-41;C
Anaheim Ducks;2019;29;33;9;0.408;187;226;-39;C
Los Angeles Kings;2019;29;35;6;0.414;178;212;-34;C
San Jose Sharks;2019;29;36;5;0.414;182;226;-44;C
Ottawa Senators;2019;25;34;12;0.352;191;243;-52;D
Detroit Red Wings;2019;17;49;5;0.239;145;267;-122;D
Colorado Avalanche;2020;39;13;4;0.696;197;133;64;A
Vegas Golden Knights;2020;40;14;2;0.714;191;124;67;A
Carolina Hurricanes;2020;36;12;8;0.643;179;136;43;A
Florida Panthers;2020;37;14;5;0.661;189;153;36;A
Pittsburgh Penguins;2020;37;16;3;0.661;196;156;40;A
Toronto Maple Leafs;2020;35;14;7;0.625;187;148;39;A
Washington Capitals;2020;36;15;5;0.643;191;163;28;A
Tampa Bay Lightning;2020;36;17;3;0.643;181;147;34;A
Minnesota Wild;2020;35;16;5;0.625;181;160;21;A
Boston Bruins;2020;33;16;7;0.589;168;136;32;A
Edmonton Oilers;2020;35;19;2;0.625;183;154;29;A
New York Islanders;2020;32;17;7;0.571;156;128;28;B
Nashville Predators;2020;31;23;2;0.554;156;154;2;B
Winnipeg Jets;2020;30;23;3;0.536;170;154;16;B
St. Louis Blues;2020;27;20;9;0.482;169;170;-1;B
New York Rangers;2020;27;23;6;0.482;177;157;20;B
Dallas Stars;2020;23;19;14;0.411;158;154;4;C
Montréal Canadiens;2020;24;21;11;0.429;159;168;-9;C
Philadelphia Flyers;2020;25;23;8;0.446;163;201;-38;C
Calgary Flames;2020;26;27;3;0.464;156;161;-5;C
Chicago Blackhawks;2020;24;25;7;0.429;161;186;-25;C
Arizona Coyotes;2020;24;26;6;0.429;153;176;-23;C
Ottawa Senators;2020;23;28;5;0.411;157;190;-33;C
Vancouver Canucks;2020;23;29;4;0.411;151;188;-37;C
Los Angeles Kings;2020;21;28;7;0.375;143;170;-27;D
San Jose Sharks;2020;21;28;7;0.375;151;199;-48;D
Detroit Red Wings;2020;19;27;10;0.339;127;171;-44;D
Columbus Blue Jackets;2020;18;26;12;0.321;137;187;-50;D
New Jersey Devils;2020;19;30;7;0.339;145;194;-49;D
Anaheim Ducks;2020;17;30;9;0.304;126;179;-53;D
Buffalo Sabres;2020;15;34;7;0.268;138;199;-61;D
Florida Panthers;2021;58;18;6;0.707;340;246;94;A
Colorado Avalanche;2021;56;19;7;0.683;312;234;78;A
Carolina Hurricanes;2021;54;20;8;0.659;278;202;76;A
Toronto Maple Leafs;2021;54;21;7;0.659;315;253;62;A
Minnesota Wild;2021;53;22;7;0.646;310;253;57;A
Calgary Flames;2021;50;21;11;0.61;293;208;85;A
New York Rangers;2021;52;24;6;0.634;254;207;47;A
Tampa Bay Lightning;2021;51;23;8;0.622;287;233;54;A
St. Louis Blues;2021;49;22;11;0.598;311;242;69;A
Boston Bruins;2021;51;26;5;0.622;255;220;35;A
Edmonton Oilers;2021;49;27;6;0.598;290;252;38;A
Pittsburgh Penguins;2021;46;25;11;0.561;272;229;43;B
Washington Capitals;2021;44;26;12;0.537;275;245;30;B
Los Angeles Kings;2021;44;27;11;0.537;239;236;3;B
Dallas Stars;2021;46;30;6;0.561;238;246;-8;B
Nashville Predators;2021;45;30;7;0.549;266;252;14;B
Vegas Golden Knights;2021;43;31;8;0.524;266;248;18;B
Vancouver Canucks;2021;40;30;12;0.488;249;236;13;B
Winnipeg Jets;2021;39;32;11;0.476;252;257;-5;C
New York Islanders;2021;37;35;10;0.451;231;237;-6;C
Columbus Blue Jackets;2021;37;38;7;0.451;262;300;-38;C
San Jose Sharks;2021;32;37;13;0.39;214;264;-50;C
Anaheim Ducks;2021;31;37;14;0.378;232;271;-39;D
Buffalo Sabres;2021;32;39;11;0.39;232;290;-58;C
Detroit Red Wings;2021;32;40;10;0.39;230;312;-82;C
Ottawa Senators;2021;33;42;7;0.402;227;266;-39;C
Chicago Blackhawks;2021;28;42;12;0.341;219;291;-72;D
New Jersey Devils;2021;27;46;9;0.329;248;307;-59;D
Philadelphia Flyers;2021;25;46;11;0.305;211;298;-87;D
Seattle Kraken;2021;27;49;6;0.329;216;285;-69;D
Arizona Coyotes;2021;25;50;7;0.305;207;313;-106;D
Montréal Canadiens;2021;22;49;11;0.268;221;319;-98;D
Boston Bruins;2022;65;12;5;0.793;305;177;128;A
Carolina Hurricanes;2022;52;21;9;0.634;266;213;53;A
New Jersey Devils;2022;52;22;8;0.634;291;226;65;A
Toronto Maple Leafs;2022;50;21;11;0.61;279;222;57;A
Vegas Golden Knights;2022;51;22;9;0.622;272;229;43;A
Edmonton Oilers;2022;50;23;9;0.61;325;260;65;A
Colorado Avalanche;2022;51;24;7;0.622;280;226;54;A
Dallas Stars;2022;47;21;14;0.573;285;218;67;B
New York Rangers;2022;47;22;13;0.573;277;219;58;B
Los Angeles Kings;2022;47;25;10;0.573;280;257;23;B
Minnesota Wild;2022;46;25;11;0.561;246;225;21;B
Seattle Kraken;2022;46;28;8;0.561;289;256;33;B
Tampa Bay Lightning;2022;46;30;6;0.561;283;254;29;B
Winnipeg Jets;2022;46;33;3;0.561;247;225;22;B
New York Islanders;2022;42;31;9;0.512;243;222;21;B
Calgary Flames;2022;38;27;17;0.463;260;252;8;C
Florida Panthers;2022;42;32;8;0.512;290;273;17;B
Nashville Predators;2022;42;32;8;0.512;229;238;-9;B
Pittsburgh Penguins;2022;40;31;11;0.488;262;264;-2;B
Buffalo Sabres;2022;42;33;7;0.512;296;300;-4;B
Ottawa Senators;2022;39;35;8;0.476;261;271;-10;C
Vancouver Canucks;2022;38;37;7;0.463;276;298;-22;C
St. Louis Blues;2022;37;38;7;0.451;263;301;-38;C
Detroit Red Wings;2022;35;37;10;0.427;240;279;-39;C
Washington Capitals;2022;35;37;10;0.427;255;265;-10;C
Philadelphia Flyers;2022;31;38;13;0.378;222;277;-55;D
Arizona Coyotes;2022;28;40;14;0.341;228;299;-71;D
Montréal Canadiens;2022;31;45;6;0.378;232;307;-75;D
San Jose Sharks;2022;22;44;16;0.268;234;321;-87;D
Chicago Blackhawks;2022;26;49;7;0.317;204;301;-97;D
Columbus Blue Jackets;2022;25;48;9;0.305;214;330;-116;D
Anaheim Ducks;2022;23;47;12;0.28;209;338;-129;D
New York Rangers;2023;55;23;4;0.671;282;229;53;A
Dallas Stars;2023;52;21;9;0.634;298;234;64;A
Carolina Hurricanes;2023;52;23;7;0.634;279;216;63;A
Winnipeg Jets;2023;52;24;6;0.634;259;199;60;A
Florida Panthers;2023;52;24;6;0.634;268;200;68;A
Vancouver Canucks;2023;50;23;9;0.61;279;223;56;A
Boston Bruins;2023;47;20;15;0.573;267;224;43;B
Colorado Avalanche;2023;50;25;7;0.61;304;254;50;A
Edmonton Oilers;2023;49;27;6;0.598;294;237;57;A
Toronto Maple Leafs;2023;46;26;10;0.561;303;263;40;B
Nashville Predators;2023;47;30;5;0.573;269;248;21;B
Los Angeles Kings;2023;44;27;11;0.537;256;215;41;B
Tampa Bay Lightning;2023;45;29;8;0.549;291;268;23;B
Vegas Golden Knights;2023;45;29;8;0.549;267;245;22;B
New York Islanders;2023;39;27;16;0.476;246;263;-17;C
St. Louis Blues;2023;43;33;6;0.524;239;250;-11;B
Washington Capitals;2023;40;31;11;0.488;220;257;-37;B
Detroit Red Wings;2023;41;32;9;0.5;278;274;4;B
Pittsburgh Penguins;2023;38;32;12;0.463;255;251;4;C
Minnesota Wild;2023;39;34;9;0.476;251;263;-12;C
Philadelphia Flyers;2023;38;33;11;0.463;235;261;-26;C
Buffalo Sabres;2023;39;37;6;0.476;246;244;2;C
New Jersey Devils;2023;38;39;5;0.463;264;283;-19;C
Calgary Flames;2023;38;39;5;0.463;253;271;-18;C
Seattle Kraken;2023;34;35;13;0.415;217;236;-19;C
Ottawa Senators;2023;37;41;4;0.451;255;281;-26;C
Arizona Coyotes;2023;36;41;5;0.439;256;274;-18;C
Montréal Canadiens;2023;30;36;16;0.366;236;289;-53;D
Columbus Blue Jackets;2023;27;43;12;0.329;237;300;-63;D
Anaheim Ducks;2023;27;50;5;0.329;204;295;-91;D
Chicago Blackhawks;2023;23;53;6;0.28;179;290;-111;D
San Jose Sharks;2023;19;54;9;0.232;181;331;-150;D
Winnipeg Jets;2024;56;22;4;0.683;277;191;86;A
Washington Capitals;2024;51;22;9;0.622;288;232;56;A
Vegas Golden Knights;2024;50;22;10;0.61;275;219;56;A
Toronto Maple Leafs;2024;52;26;4;0.634;268;231;37;A
Dallas Stars;2024;50;26;6;0.61;277;224;53;A
Los Angeles Kings;2024;48;25;9;0.585;250;206;44;A
Tampa Bay Lightning;2024;47;27;8;0.573;294;219;75;B
Colorado Avalanche;2024;49;29;4;0.598;277;234;43;A
Edmonton Oilers;2024;48;29;5;0.585;259;236;23;A
Carolina Hurricanes;2024;47;30;5;0.573;266;233;33;B
Florida Panthers;2024;47;31;4;0.573;252;223;29;B
Ottawa Senators;2024;45;30;7;0.549;243;234;9;B
Minnesota Wild;2024;45;30;7;0.549;228;239;-11;B
St. Louis Blues;2024;44;30;8;0.537;254;233;21;B
Calgary Flames;2024;41;27;14;0.5;225;238;-13;B
New Jersey Devils;2024;42;33;7;0.512;242;222;20;B
Montréal Canadiens;2024;40;31;11;0.488;245;265;-20;B
Vancouver Canucks;2024;38;30;14;0.463;236;253;-17;C
Utah Hockey Club;2024;38;31;13;0.463;241;251;-10;C
Columbus Blue Jackets;2024;40;33;9;0.488;273;268;5;B
Detroit Red Wings;2024;39;35;8;0.476;238;259;-21;C
New York Rangers;2024;39;36;7;0.476;256;255;1;C
New York Islanders;2024;35;35;12;0.427;224;260;-36;C
Pittsburgh Penguins;2024;34;36;12;0.415;243;293;-50;C
Anaheim Ducks;2024;35;37;10;0.427;221;263;-42;C
Buffalo Sabres;2024;36;39;7;0.439;269;289;-20;C
Seattle Kraken;2024;35;41;6;0.427;247;265;-18;C
Boston Bruins;2024;33;39;10;0.402;222;272;-50;C
Philadelphia Flyers;2024;33;39;10;0.402;238;286;-48;C
Nashville Predators;2024;30;44;8;0.366;214;274;-60;D
Chicago Blackhawks;2024;25;46;11;0.305;226;296;-70;D
San Jose Sharks;2024;20;50;12;0.244;210;315;-105;D
Colorado Avalanche;2025;55;16;11;0.671;302;203;99;A
Carolina Hurricanes;2025;53;22;7;0.646;296;240;56;A
Dallas Stars;2025;50;20;12;0.61;279;226;53;A
Buffalo Sabres;2025;50;23;9;0.61;288;241;47;A
Tampa Bay Lightning;2025;50;26;6;0.61;290;231;59;A
Montréal Canadiens;2025;48;24;10;0.585;283;256;27;A
Minnesota Wild;2025;46;24;12;0.561;272;240;32;B
Boston Bruins;2025;45;27;10;0.549;272;250;22;B
Ottawa Senators;2025;44;27;11;0.537;278;246;32;B
Pittsburgh Penguins;2025;41;25;16;0.5;293;268;25;B
Philadelphia Flyers;2025;43;27;12;0.524;250;243;7;B
Washington Capitals;2025;43;30;9;0.524;263;244;19;B
Vegas Golden Knights;2025;39;26;17;0.476;265;250;15;C
Edmonton Oilers;2025;41;30;11;0.5;282;269;13;B
Utah Mammoth;2025;43;33;6;0.524;268;240;28;B
Detroit Red Wings;2025;41;31;10;0.5;241;258;-17;B
Columbus Blue Jackets;2025;40;30;12;0.488;253;253;0;B
Anaheim Ducks;2025;43;33;6;0.524;273;288;-15;B
New York Islanders;2025;43;34;5;0.524;233;241;-8;B
Los Angeles Kings;2025;35;27;20;0.427;225;247;-22;C
New Jersey Devils;2025;42;37;3;0.512;230;254;-24;B
St. Louis Blues;2025;37;33;12;0.451;231;258;-27;C
Nashville Predators;2025;38;34;10;0.463;247;269;-22;C
San Jose Sharks;2025;39;35;8;0.476;251;292;-41;C
Florida Panthers;2025;40;38;4;0.488;251;276;-25;B
Winnipeg Jets;2025;35;35;12;0.427;231;260;-29;C
Seattle Kraken;2025;34;37;11;0.415;226;263;-37;C
Toronto Maple Leafs;2025;32;36;14;0.39;253;299;-46;C
Calgary Flames;2025;34;39;9;0.415;212;259;-47;C
New York Rangers;2025;34;39;9;0.415;238;250;-12;C
Chicago Blackhawks;2025;29;39;14;0.354;213;275;-62;D
Vancouver Canucks;2025;25;49;8;0.305;216;316;-100;D
